,敪,Û߂Leveně^F,Û߂Leveně^Lӊm,Q̕ꕽς̍̌^,Q̕ꕽς̍̌^,Q̕ꕽς̍̌^Lӊmij,Q̕ꕽς̍̌^ϒl̍,Q̕ꕽς̍̌^̕W덷,Q̕ꕽς̍̌^95Mԁ^,Q̕ꕽς̍̌^95Mԁ^
0,ւ̓]Ł^U肳Ă,2.131,0.15,-7.45,52.0,0.0,-1.53265607,0.20573718,-1.94549792,-1.11981423
1,ւ̓]Ł^U肳ĂȂ,,,-6.082,20.678,0.0,-1.53265607,0.25200188,-2.05722045,-1.0080917
2,ߊ^U肳Ă,0.014,0.906,-2.765,52.0,0.008,-0.76380341,0.27619265,-1.31802452,-0.20958231
3,ߊ^U肳ĂȂ,,,-2.636,27.864,0.014,-0.76380341,0.28970534,-1.35736841,-0.17023841
4,Љɑ΂s^U肳Ă,0.404,0.528,2.249,52.0,0.029,0.6351914,0.2823872,0.06854,1.2018427
5,Љɑ΂s^U肳ĂȂ,,,2.094,26.457,0.046,0.6351914,0.3032778,0.012318,1.2580647
